row,title,image
1,"1.1 Permit - High level Permit flow logic","1. High level Permit flow logic.jpg"
2,"1.2 Permit - PAA logic flow","1. PAA logic flow.jpg"
3,"2 High-level FPN flow","2. High-level FPN flow.jpg"
4,"3.1 High-level inspection flow","3. High-level inspection flow.jpg"
5,"3.2 Low-level inspection flow","3. Low-level inspection flow.jpg"
6,"4 High-level reinstatement flow","4. High-level reinstatement flow.jpg"
7,"5.1a Permit Alterations - Change request flow","5. Change request flow.jpg"
8,"5.1b Permit Alterations - Imposed change","5. Imposed change.jpg"
9,"6 Permit cancelation logic","7. PA cancelation logic.jpg"
